-- phpMyAdmin SQL Dump
-- version 5.2.1
-- https://www.phpmyadmin.net/
--
-- Hôte : 127.0.0.1
-- Généré le : mer. 21 juin 2023 à 11:41
-- Version du serveur : 10.4.28-MariaDB
-- Version de PHP : 8.2.4

SET SQL_MODE = "NO_AUTO_VALUE_ON_ZERO";
START TRANSACTION;
SET time_zone = "+00:00";


/*!40101 SET @OLD_CHARACTER_SET_CLIENT=@@CHARACTER_SET_CLIENT */;
/*!40101 SET @OLD_CHARACTER_SET_RESULTS=@@CHARACTER_SET_RESULTS */;
/*!40101 SET @OLD_COLLATION_CONNECTION=@@COLLATION_CONNECTION */;
/*!40101 SET NAMES utf8mb4 */;

--
-- Base de données : `bd_micros`
--

-- --------------------------------------------------------

--
-- Structure de la table `admin`
--

CREATE TABLE `admin` (
  `ID` int(11) NOT NULL,
  `login` varchar(255) NOT NULL,
  `mdp` varchar(255) NOT NULL
) ENGINE=InnoDB DEFAULT CHARSET=utf8mb4 COLLATE=utf8mb4_general_ci;

--
-- Déchargement des données de la table `admin`
--

INSERT INTO `admin` (`ID`, `login`, `mdp`) VALUES
(1, 'admin', 'ed0d6f86a8ed2a0707edd0bcf8b9c916824dea41');

-- --------------------------------------------------------

--
-- Structure de la table `coord_cases`
--

CREATE TABLE `coord_cases` (
  `ID` int(11) NOT NULL,
  `num_case` int(2) NOT NULL,
  `x` float NOT NULL,
  `y` float NOT NULL,
  `MIC1` double NOT NULL,
  `MIC2` double NOT NULL,
  `MIC3` double NOT NULL
) ENGINE=InnoDB DEFAULT CHARSET=utf8mb4 COLLATE=utf8mb4_general_ci;

--
-- Déchargement des données de la table `coord_cases`
--

INSERT INTO `coord_cases` (`ID`, `num_case`, `x`, `y`, `MIC1`, `MIC2`, `MIC3`) VALUES
(261, 1, 0.25, 0.25, 0, 0.000000000000157, 0.000000000000079),
(262, 2, 0.25, 0.75, 0.000000000035417, 0.000000000000181, 0.000000000000084),
(263, 3, 0.25, 1.25, 0.000000000008854, 0.00000000000021, 0.00000000000009),
(264, 4, 0.25, 1.75, 0.000000000003935, 0.000000000000246, 0.000000000000096),
(265, 5, 0.25, 2.25, 0.000000000002214, 0.000000000000293, 0.000000000000102),
(266, 6, 0.25, 2.75, 0.000000000001417, 0.000000000000354, 0.000000000000109),
(267, 7, 0.25, 3.25, 0.000000000000984, 0.000000000000437, 0.000000000000116),
(268, 8, 0.25, 3.75, 0.000000000000723, 0.000000000000553, 0.000000000000123),
(269, 9, 0.25, 4.25, 0.000000000000553, 0.000000000000723, 0.000000000000129),
(270, 10, 0.25, 4.75, 0.000000000000437, 0.000000000000984, 0.000000000000136),
(271, 11, 0.25, 5.25, 0.000000000000354, 0.000000000001417, 0.000000000000142),
(272, 12, 0.25, 5.75, 0.000000000000293, 0.000000000002214, 0.000000000000147),
(273, 13, 0.25, 6.25, 0.000000000000246, 0.000000000003935, 0.000000000000151),
(274, 14, 0.25, 6.75, 0.00000000000021, 0.000000000008854, 0.000000000000155),
(275, 15, 0.25, 7.25, 0.000000000000181, 0.000000000035417, 0.000000000000157),
(276, 16, 0.25, 7.75, 0.000000000000157, 0, 0.000000000000157),
(277, 17, 0.75, 0.25, 0.000000000035417, 0.000000000000157, 0.000000000000084),
(278, 18, 0.75, 0.75, 0.000000000017708, 0.00000000000018, 0.00000000000009),
(279, 19, 0.75, 1.25, 0.000000000007083, 0.000000000000208, 0.000000000000097),
(280, 20, 0.75, 1.75, 0.000000000003542, 0.000000000000244, 0.000000000000104),
(281, 21, 0.75, 2.25, 0.000000000002083, 0.00000000000029, 0.000000000000112),
(282, 22, 0.75, 2.75, 0.000000000001362, 0.000000000000351, 0.00000000000012),
(283, 23, 0.75, 3.25, 0.000000000000957, 0.000000000000432, 0.000000000000128),
(284, 24, 0.75, 3.75, 0.000000000000708, 0.000000000000545, 0.000000000000136),
(285, 25, 0.75, 4.25, 0.000000000000545, 0.000000000000708, 0.000000000000145),
(286, 26, 0.75, 4.75, 0.000000000000432, 0.000000000000957, 0.000000000000153),
(287, 27, 0.75, 5.25, 0.000000000000351, 0.000000000001362, 0.00000000000016),
(288, 28, 0.75, 5.75, 0.00000000000029, 0.000000000002083, 0.000000000000167),
(289, 29, 0.75, 6.25, 0.000000000000244, 0.000000000003542, 0.000000000000173),
(290, 30, 0.75, 6.75, 0.000000000000208, 0.000000000007083, 0.000000000000177),
(291, 31, 0.75, 7.25, 0.00000000000018, 0.000000000017708, 0.00000000000018),
(292, 32, 0.75, 7.75, 0.000000000000157, 0.000000000035417, 0.000000000000181),
(293, 33, 1.25, 0.25, 0.000000000008854, 0.000000000000155, 0.00000000000009),
(294, 34, 1.25, 0.75, 0.000000000007083, 0.000000000000177, 0.000000000000097),
(295, 35, 1.25, 1.25, 0.000000000004427, 0.000000000000205, 0.000000000000105),
(296, 36, 1.25, 1.75, 0.000000000002724, 0.000000000000239, 0.000000000000113),
(297, 37, 1.25, 2.25, 0.000000000001771, 0.000000000000283, 0.000000000000122),
(298, 38, 1.25, 2.75, 0.000000000001221, 0.000000000000341, 0.000000000000132),
(299, 39, 1.25, 3.25, 0.000000000000885, 0.000000000000417, 0.000000000000142),
(300, 40, 1.25, 3.75, 0.000000000000668, 0.000000000000521, 0.000000000000152),
(301, 41, 1.25, 4.25, 0.000000000000521, 0.000000000000668, 0.000000000000162),
(302, 42, 1.25, 4.75, 0.000000000000417, 0.000000000000885, 0.000000000000173),
(303, 43, 1.25, 5.25, 0.000000000000341, 0.000000000001221, 0.000000000000183),
(304, 44, 1.25, 5.75, 0.000000000000283, 0.000000000001771, 0.000000000000191),
(305, 45, 1.25, 6.25, 0.000000000000239, 0.000000000002724, 0.000000000000199),
(306, 46, 1.25, 6.75, 0.000000000000205, 0.000000000004427, 0.000000000000205),
(307, 47, 1.25, 7.25, 0.000000000000177, 0.000000000007083, 0.000000000000208),
(308, 48, 1.25, 7.75, 0.000000000000155, 0.000000000008854, 0.00000000000021),
(309, 49, 1.75, 0.25, 0.000000000003935, 0.000000000000151, 0.000000000000096),
(310, 50, 1.75, 0.75, 0.000000000003542, 0.000000000000173, 0.000000000000104),
(311, 51, 1.75, 1.25, 0.000000000002724, 0.000000000000199, 0.000000000000113),
(312, 52, 1.75, 1.75, 0.000000000001968, 0.000000000000231, 0.000000000000123),
(313, 53, 1.75, 2.25, 0.000000000001417, 0.000000000000272, 0.000000000000134),
(314, 54, 1.75, 2.75, 0.000000000001042, 0.000000000000325, 0.000000000000145),
(315, 55, 1.75, 3.25, 0.000000000000787, 0.000000000000394, 0.000000000000157),
(316, 56, 1.75, 3.75, 0.000000000000611, 0.000000000000485, 0.00000000000017),
(317, 57, 1.75, 4.25, 0.000000000000485, 0.000000000000611, 0.000000000000184),
(318, 58, 1.75, 4.75, 0.000000000000394, 0.000000000000787, 0.000000000000197),
(319, 59, 1.75, 5.25, 0.000000000000325, 0.000000000001042, 0.00000000000021),
(320, 60, 1.75, 5.75, 0.000000000000272, 0.000000000001417, 0.000000000000221),
(321, 61, 1.75, 6.25, 0.000000000000231, 0.000000000001968, 0.000000000000231),
(322, 62, 1.75, 6.75, 0.000000000000199, 0.000000000002724, 0.000000000000239),
(323, 63, 1.75, 7.25, 0.000000000000173, 0.000000000003542, 0.000000000000244),
(324, 64, 1.75, 7.75, 0.000000000000151, 0.000000000003935, 0.000000000000246),
(325, 65, 2.25, 0.25, 0.000000000002214, 0.000000000000147, 0.000000000000102),
(326, 66, 2.25, 0.75, 0.000000000002083, 0.000000000000167, 0.000000000000112),
(327, 67, 2.25, 1.25, 0.000000000001771, 0.000000000000191, 0.000000000000122),
(328, 68, 2.25, 1.75, 0.000000000001417, 0.000000000000221, 0.000000000000134),
(329, 69, 2.25, 2.25, 0.000000000001107, 0.000000000000259, 0.000000000000146),
(330, 70, 2.25, 2.75, 0.000000000000864, 0.000000000000305, 0.00000000000016),
(331, 71, 2.25, 3.25, 0.000000000000681, 0.000000000000365, 0.000000000000175),
(332, 72, 2.25, 3.75, 0.000000000000545, 0.000000000000443, 0.000000000000191),
(333, 73, 2.25, 4.25, 0.000000000000443, 0.000000000000545, 0.000000000000208),
(334, 74, 2.25, 4.75, 0.000000000000365, 0.000000000000681, 0.000000000000226),
(335, 75, 2.25, 5.25, 0.000000000000305, 0.000000000000864, 0.000000000000243),
(336, 76, 2.25, 5.75, 0.000000000000259, 0.000000000001107, 0.000000000000259),
(337, 77, 2.25, 6.25, 0.000000000000221, 0.000000000001417, 0.000000000000272),
(338, 78, 2.25, 6.75, 0.000000000000191, 0.000000000001771, 0.000000000000283),
(339, 79, 2.25, 7.25, 0.000000000000167, 0.000000000002083, 0.00000000000029),
(340, 80, 2.25, 7.75, 0.000000000000147, 0.000000000002214, 0.000000000000293),
(341, 81, 2.75, 0.25, 0.000000000001417, 0.000000000000142, 0.000000000000109),
(342, 82, 2.75, 0.75, 0.000000000001362, 0.00000000000016, 0.00000000000012),
(343, 83, 2.75, 1.25, 0.000000000001221, 0.000000000000183, 0.000000000000132),
(344, 84, 2.75, 1.75, 0.000000000001042, 0.00000000000021, 0.000000000000145),
(345, 85, 2.75, 2.25, 0.000000000000864, 0.000000000000243, 0.00000000000016),
(346, 86, 2.75, 2.75, 0.000000000000708, 0.000000000000283, 0.000000000000177),
(347, 87, 2.75, 3.25, 0.000000000000581, 0.000000000000334, 0.000000000000196),
(348, 88, 2.75, 3.75, 0.000000000000479, 0.000000000000398, 0.000000000000216),
(349, 89, 2.75, 4.25, 0.000000000000398, 0.000000000000479, 0.000000000000238),
(350, 90, 2.75, 4.75, 0.000000000000334, 0.000000000000581, 0.00000000000026),
(351, 91, 2.75, 5.25, 0.000000000000283, 0.000000000000708, 0.000000000000283),
(352, 92, 2.75, 5.75, 0.000000000000243, 0.000000000000864, 0.000000000000305),
(353, 93, 2.75, 6.25, 0.00000000000021, 0.000000000001042, 0.000000000000325),
(354, 94, 2.75, 6.75, 0.000000000000183, 0.000000000001221, 0.000000000000341),
(355, 95, 2.75, 7.25, 0.00000000000016, 0.000000000001362, 0.000000000000351),
(356, 96, 2.75, 7.75, 0.000000000000142, 0.000000000001417, 0.000000000000354),
(357, 97, 3.25, 0.25, 0.000000000000984, 0.000000000000136, 0.000000000000116),
(358, 98, 3.25, 0.75, 0.000000000000957, 0.000000000000153, 0.000000000000128),
(359, 99, 3.25, 1.25, 0.000000000000885, 0.000000000000173, 0.000000000000142),
(360, 100, 3.25, 1.75, 0.000000000000787, 0.000000000000197, 0.000000000000157),
(361, 101, 3.25, 2.25, 0.000000000000681, 0.000000000000226, 0.000000000000175),
(362, 102, 3.25, 2.75, 0.000000000000581, 0.00000000000026, 0.000000000000196),
(363, 103, 3.25, 3.25, 0.000000000000492, 0.000000000000303, 0.000000000000219),
(364, 104, 3.25, 3.75, 0.000000000000417, 0.000000000000354, 0.000000000000244),
(365, 105, 3.25, 4.25, 0.000000000000354, 0.000000000000417, 0.000000000000272),
(366, 106, 3.25, 4.75, 0.000000000000303, 0.000000000000492, 0.000000000000303),
(367, 107, 3.25, 5.25, 0.00000000000026, 0.000000000000581, 0.000000000000334),
(368, 108, 3.25, 5.75, 0.000000000000226, 0.000000000000681, 0.000000000000365),
(369, 109, 3.25, 6.25, 0.000000000000197, 0.000000000000787, 0.000000000000394),
(370, 110, 3.25, 6.75, 0.000000000000173, 0.000000000000885, 0.000000000000417),
(371, 111, 3.25, 7.25, 0.000000000000153, 0.000000000000957, 0.000000000000432),
(372, 112, 3.25, 7.75, 0.000000000000136, 0.000000000000984, 0.000000000000437),
(373, 113, 3.75, 0.25, 0.000000000000723, 0.000000000000129, 0.000000000000123),
(374, 114, 3.75, 0.75, 0.000000000000708, 0.000000000000145, 0.000000000000136),
(375, 115, 3.75, 1.25, 0.000000000000668, 0.000000000000162, 0.000000000000152),
(376, 116, 3.75, 1.75, 0.000000000000611, 0.000000000000184, 0.00000000000017),
(377, 117, 3.75, 2.25, 0.000000000000545, 0.000000000000208, 0.000000000000191),
(378, 118, 3.75, 2.75, 0.000000000000479, 0.000000000000238, 0.000000000000216),
(379, 119, 3.75, 3.25, 0.000000000000417, 0.000000000000272, 0.000000000000244),
(380, 120, 3.75, 3.75, 0.000000000000361, 0.000000000000313, 0.000000000000277),
(381, 121, 3.75, 4.25, 0.000000000000313, 0.000000000000361, 0.000000000000313),
(382, 122, 3.75, 4.75, 0.000000000000272, 0.000000000000417, 0.000000000000354),
(383, 123, 3.75, 5.25, 0.000000000000238, 0.000000000000479, 0.000000000000398),
(384, 124, 3.75, 5.75, 0.000000000000208, 0.000000000000545, 0.000000000000443),
(385, 125, 3.75, 6.25, 0.000000000000184, 0.000000000000611, 0.000000000000485),
(386, 126, 3.75, 6.75, 0.000000000000162, 0.000000000000668, 0.000000000000521),
(387, 127, 3.75, 7.25, 0.000000000000145, 0.000000000000708, 0.000000000000545),
(388, 128, 3.75, 7.75, 0.000000000000129, 0.000000000000723, 0.000000000000553),
(389, 129, 4.25, 0.25, 0.000000000000553, 0.000000000000123, 0.000000000000129),
(390, 130, 4.25, 0.75, 0.000000000000545, 0.000000000000136, 0.000000000000145),
(391, 131, 4.25, 1.25, 0.000000000000521, 0.000000000000152, 0.000000000000162),
(392, 132, 4.25, 1.75, 0.000000000000485, 0.00000000000017, 0.000000000000184),
(393, 133, 4.25, 2.25, 0.000000000000443, 0.000000000000191, 0.000000000000208),
(394, 134, 4.25, 2.75, 0.000000000000398, 0.000000000000216, 0.000000000000238),
(395, 135, 4.25, 3.25, 0.000000000000354, 0.000000000000244, 0.000000000000272),
(396, 136, 4.25, 3.75, 0.000000000000313, 0.000000000000277, 0.000000000000313),
(397, 137, 4.25, 4.25, 0.000000000000277, 0.000000000000313, 0.000000000000361),
(398, 138, 4.25, 4.75, 0.000000000000244, 0.000000000000354, 0.000000000000417),
(399, 139, 4.25, 5.25, 0.000000000000216, 0.000000000000398, 0.000000000000479),
(400, 140, 4.25, 5.75, 0.000000000000191, 0.000000000000443, 0.000000000000545),
(401, 141, 4.25, 6.25, 0.00000000000017, 0.000000000000485, 0.000000000000611),
(402, 142, 4.25, 6.75, 0.000000000000152, 0.000000000000521, 0.000000000000668),
(403, 143, 4.25, 7.25, 0.000000000000136, 0.000000000000545, 0.000000000000708),
(404, 144, 4.25, 7.75, 0.000000000000123, 0.000000000000553, 0.000000000000723),
(405, 145, 4.75, 0.25, 0.000000000000437, 0.000000000000116, 0.000000000000136),
(406, 146, 4.75, 0.75, 0.000000000000432, 0.000000000000128, 0.000000000000153),
(407, 147, 4.75, 1.25, 0.000000000000417, 0.000000000000142, 0.000000000000173),
(408, 148, 4.75, 1.75, 0.000000000000394, 0.000000000000157, 0.000000000000197),
(409, 149, 4.75, 2.25, 0.000000000000365, 0.000000000000175, 0.000000000000226),
(410, 150, 4.75, 2.75, 0.000000000000334, 0.000000000000196, 0.00000000000026),
(411, 151, 4.75, 3.25, 0.000000000000303, 0.000000000000219, 0.000000000000303),
(412, 152, 4.75, 3.75, 0.000000000000272, 0.000000000000244, 0.000000000000354),
(413, 153, 4.75, 4.25, 0.000000000000244, 0.000000000000272, 0.000000000000417),
(414, 154, 4.75, 4.75, 0.000000000000219, 0.000000000000303, 0.000000000000492),
(415, 155, 4.75, 5.25, 0.000000000000196, 0.000000000000334, 0.000000000000581),
(416, 156, 4.75, 5.75, 0.000000000000175, 0.000000000000365, 0.000000000000681),
(417, 157, 4.75, 6.25, 0.000000000000157, 0.000000000000394, 0.000000000000787),
(418, 158, 4.75, 6.75, 0.000000000000142, 0.000000000000417, 0.000000000000885),
(419, 159, 4.75, 7.25, 0.000000000000128, 0.000000000000432, 0.000000000000957),
(420, 160, 4.75, 7.75, 0.000000000000116, 0.000000000000437, 0.000000000000984),
(421, 161, 5.25, 0.25, 0.000000000000354, 0.000000000000109, 0.000000000000142),
(422, 162, 5.25, 0.75, 0.000000000000351, 0.00000000000012, 0.00000000000016),
(423, 163, 5.25, 1.25, 0.000000000000341, 0.000000000000132, 0.000000000000183),
(424, 164, 5.25, 1.75, 0.000000000000325, 0.000000000000145, 0.00000000000021),
(425, 165, 5.25, 2.25, 0.000000000000305, 0.00000000000016, 0.000000000000243),
(426, 166, 5.25, 2.75, 0.000000000000283, 0.000000000000177, 0.000000000000283),
(427, 167, 5.25, 3.25, 0.00000000000026, 0.000000000000196, 0.000000000000334),
(428, 168, 5.25, 3.75, 0.000000000000238, 0.000000000000216, 0.000000000000398),
(429, 169, 5.25, 4.25, 0.000000000000216, 0.000000000000238, 0.000000000000479),
(430, 170, 5.25, 4.75, 0.000000000000196, 0.00000000000026, 0.000000000000581),
(431, 171, 5.25, 5.25, 0.000000000000177, 0.000000000000283, 0.000000000000708),
(432, 172, 5.25, 5.75, 0.00000000000016, 0.000000000000305, 0.000000000000864),
(433, 173, 5.25, 6.25, 0.000000000000145, 0.000000000000325, 0.000000000001042),
(434, 174, 5.25, 6.75, 0.000000000000132, 0.000000000000341, 0.000000000001221),
(435, 175, 5.25, 7.25, 0.00000000000012, 0.000000000000351, 0.000000000001362),
(436, 176, 5.25, 7.75, 0.000000000000109, 0.000000000000354, 0.000000000001417),
(437, 177, 5.75, 0.25, 0.000000000000293, 0.000000000000102, 0.000000000000147),
(438, 178, 5.75, 0.75, 0.00000000000029, 0.000000000000112, 0.000000000000167),
(439, 179, 5.75, 1.25, 0.000000000000283, 0.000000000000122, 0.000000000000191),
(440, 180, 5.75, 1.75, 0.000000000000272, 0.000000000000134, 0.000000000000221),
(441, 181, 5.75, 2.25, 0.000000000000259, 0.000000000000146, 0.000000000000259),
(442, 182, 5.75, 2.75, 0.000000000000243, 0.00000000000016, 0.000000000000305),
(443, 183, 5.75, 3.25, 0.000000000000226, 0.000000000000175, 0.000000000000365),
(444, 184, 5.75, 3.75, 0.000000000000208, 0.000000000000191, 0.000000000000443),
(445, 185, 5.75, 4.25, 0.000000000000191, 0.000000000000208, 0.000000000000545),
(446, 186, 5.75, 4.75, 0.000000000000175, 0.000000000000226, 0.000000000000681),
(447, 187, 5.75, 5.25, 0.00000000000016, 0.000000000000243, 0.000000000000864),
(448, 188, 5.75, 5.75, 0.000000000000146, 0.000000000000259, 0.000000000001107),
(449, 189, 5.75, 6.25, 0.000000000000134, 0.000000000000272, 0.000000000001417),
(450, 190, 5.75, 6.75, 0.000000000000122, 0.000000000000283, 0.000000000001771),
(451, 191, 5.75, 7.25, 0.000000000000112, 0.00000000000029, 0.000000000002083),
(452, 192, 5.75, 7.75, 0.000000000000102, 0.000000000000293, 0.000000000002214),
(453, 193, 6.25, 0.25, 0.000000000000246, 0.000000000000096, 0.000000000000151),
(454, 194, 6.25, 0.75, 0.000000000000244, 0.000000000000104, 0.000000000000173),
(455, 195, 6.25, 1.25, 0.000000000000239, 0.000000000000113, 0.000000000000199),
(456, 196, 6.25, 1.75, 0.000000000000231, 0.000000000000123, 0.000000000000231),
(457, 197, 6.25, 2.25, 0.000000000000221, 0.000000000000134, 0.000000000000272),
(458, 198, 6.25, 2.75, 0.00000000000021, 0.000000000000145, 0.000000000000325),
(459, 199, 6.25, 3.25, 0.000000000000197, 0.000000000000157, 0.000000000000394),
(460, 200, 6.25, 3.75, 0.000000000000184, 0.00000000000017, 0.000000000000485),
(461, 201, 6.25, 4.25, 0.00000000000017, 0.000000000000184, 0.000000000000611),
(462, 202, 6.25, 4.75, 0.000000000000157, 0.000000000000197, 0.000000000000787),
(463, 203, 6.25, 5.25, 0.000000000000145, 0.00000000000021, 0.000000000001042),
(464, 204, 6.25, 5.75, 0.000000000000134, 0.000000000000221, 0.000000000001417),
(465, 205, 6.25, 6.25, 0.000000000000123, 0.000000000000231, 0.000000000001968),
(466, 206, 6.25, 6.75, 0.000000000000113, 0.000000000000239, 0.000000000002724),
(467, 207, 6.25, 7.25, 0.000000000000104, 0.000000000000244, 0.000000000003542),
(468, 208, 6.25, 7.75, 0.000000000000096, 0.000000000000246, 0.000000000003935),
(469, 209, 6.75, 0.25, 0.00000000000021, 0.00000000000009, 0.000000000000155),
(470, 210, 6.75, 0.75, 0.000000000000208, 0.000000000000097, 0.000000000000177),
(471, 211, 6.75, 1.25, 0.000000000000205, 0.000000000000105, 0.000000000000205),
(472, 212, 6.75, 1.75, 0.000000000000199, 0.000000000000113, 0.000000000000239),
(473, 213, 6.75, 2.25, 0.000000000000191, 0.000000000000122, 0.000000000000283),
(474, 214, 6.75, 2.75, 0.000000000000183, 0.000000000000132, 0.000000000000341),
(475, 215, 6.75, 3.25, 0.000000000000173, 0.000000000000142, 0.000000000000417),
(476, 216, 6.75, 3.75, 0.000000000000162, 0.000000000000152, 0.000000000000521),
(477, 217, 6.75, 4.25, 0.000000000000152, 0.000000000000162, 0.000000000000668),
(478, 218, 6.75, 4.75, 0.000000000000142, 0.000000000000173, 0.000000000000885),
(479, 219, 6.75, 5.25, 0.000000000000132, 0.000000000000183, 0.000000000001221),
(480, 220, 6.75, 5.75, 0.000000000000122, 0.000000000000191, 0.000000000001771),
(481, 221, 6.75, 6.25, 0.000000000000113, 0.000000000000199, 0.000000000002724),
(482, 222, 6.75, 6.75, 0.000000000000105, 0.000000000000205, 0.000000000004427),
(483, 223, 6.75, 7.25, 0.000000000000097, 0.000000000000208, 0.000000000007083),
(484, 224, 6.75, 7.75, 0.00000000000009, 0.00000000000021, 0.000000000008854),
(485, 225, 7.25, 0.25, 0.000000000000181, 0.000000000000084, 0.000000000000157),
(486, 226, 7.25, 0.75, 0.00000000000018, 0.00000000000009, 0.00000000000018),
(487, 227, 7.25, 1.25, 0.000000000000177, 0.000000000000097, 0.000000000000208),
(488, 228, 7.25, 1.75, 0.000000000000173, 0.000000000000104, 0.000000000000244),
(489, 229, 7.25, 2.25, 0.000000000000167, 0.000000000000112, 0.00000000000029),
(490, 230, 7.25, 2.75, 0.00000000000016, 0.00000000000012, 0.000000000000351),
(491, 231, 7.25, 3.25, 0.000000000000153, 0.000000000000128, 0.000000000000432),
(492, 232, 7.25, 3.75, 0.000000000000145, 0.000000000000136, 0.000000000000545),
(493, 233, 7.25, 4.25, 0.000000000000136, 0.000000000000145, 0.000000000000708),
(494, 234, 7.25, 4.75, 0.000000000000128, 0.000000000000153, 0.000000000000957),
(495, 235, 7.25, 5.25, 0.00000000000012, 0.00000000000016, 0.000000000001362),
(496, 236, 7.25, 5.75, 0.000000000000112, 0.000000000000167, 0.000000000002083),
(497, 237, 7.25, 6.25, 0.000000000000104, 0.000000000000173, 0.000000000003542),
(498, 238, 7.25, 6.75, 0.000000000000097, 0.000000000000177, 0.000000000007083),
(499, 239, 7.25, 7.25, 0.00000000000009, 0.00000000000018, 0.000000000017708),
(500, 240, 7.25, 7.75, 0.000000000000084, 0.000000000000181, 0.000000000035417),
(501, 241, 7.75, 0.25, 0.000000000000157, 0.000000000000079, 0.000000000000157),
(502, 242, 7.75, 0.75, 0.000000000000157, 0.000000000000084, 0.000000000000181),
(503, 243, 7.75, 1.25, 0.000000000000155, 0.00000000000009, 0.00000000000021),
(504, 244, 7.75, 1.75, 0.000000000000151, 0.000000000000096, 0.000000000000246),
(505, 245, 7.75, 2.25, 0.000000000000147, 0.000000000000102, 0.000000000000293),
(506, 246, 7.75, 2.75, 0.000000000000142, 0.000000000000109, 0.000000000000354),
(507, 247, 7.75, 3.25, 0.000000000000136, 0.000000000000116, 0.000000000000437),
(508, 248, 7.75, 3.75, 0.000000000000129, 0.000000000000123, 0.000000000000553),
(509, 249, 7.75, 4.25, 0.000000000000123, 0.000000000000129, 0.000000000000723),
(510, 250, 7.75, 4.75, 0.000000000000116, 0.000000000000136, 0.000000000000984),
(511, 251, 7.75, 5.25, 0.000000000000109, 0.000000000000142, 0.000000000001417),
(512, 252, 7.75, 5.75, 0.000000000000102, 0.000000000000147, 0.000000000002214),
(513, 253, 7.75, 6.25, 0.000000000000096, 0.000000000000151, 0.000000000003935),
(514, 254, 7.75, 6.75, 0.00000000000009, 0.000000000000155, 0.000000000008854),
(515, 255, 7.75, 7.25, 0.000000000000084, 0.000000000000157, 0.000000000035417),
(516, 256, 7.75, 7.75, 0.000000000000079, 0.000000000000157, 0);

-- --------------------------------------------------------

--
-- Structure de la table `coord_points`
--

CREATE TABLE `coord_points` (
  `ID` int(11) NOT NULL,
  `ID_mesure` int(11) NOT NULL,
  `x` float NOT NULL,
  `y` float NOT NULL,
  `time` datetime NOT NULL DEFAULT current_timestamp()
) ENGINE=InnoDB DEFAULT CHARSET=utf8mb4 COLLATE=utf8mb4_general_ci;

--
-- Déchargement des données de la table `coord_points`
--

INSERT INTO `coord_points` (`ID`, `ID_mesure`, `x`, `y`, `time`) VALUES
(14717, 1, 3.25, 5.25, '2023-06-20 17:59:41'),
(14718, 2, 3.75, 7.25, '2023-06-20 18:02:29'),
(14719, 2, 3.75, 7.25, '2023-06-20 18:02:29'),
(14720, 3, 0.75, 6.75, '2023-06-20 18:19:28'),
(14721, 4, 0.75, 7.25, '2023-06-20 18:20:08'),
(14722, 5, 0.25, 6.75, '2023-06-20 18:20:15'),
(14723, 6, 0.75, 7.25, '2023-06-20 18:20:22'),
(14724, 7, 0.75, 6.75, '2023-06-20 18:20:29'),
(14725, 8, 0.75, 0.75, '2023-06-20 18:20:36'),
(14726, 9, 0.75, 7.25, '2023-06-20 18:20:43'),
(14727, 10, 0.25, 6.75, '2023-06-20 18:20:50'),
(14728, 11, 0.25, 6.75, '2023-06-20 18:20:57'),
(14729, 12, 0.75, 6.75, '2023-06-20 18:21:04'),
(14735, 13, 6.75, 0.75, '2023-06-20 18:30:56'),
(14736, 14, 6.75, 0.25, '2023-06-20 18:31:03'),
(14737, 15, 6.75, 0.75, '2023-06-20 18:31:10'),
(14738, 16, 6.75, 0.25, '2023-06-20 19:25:37'),
(14739, 17, 6.75, 7.75, '2023-06-20 19:45:55'),
(14740, 18, 7.25, 0.25, '2023-06-20 19:47:05'),
(14741, 19, 7.75, 0.75, '2023-06-20 19:47:12'),
(14742, 20, 7.75, 1.25, '2023-06-20 19:47:19'),
(14743, 21, 7.25, 0.75, '2023-06-20 19:47:26'),
(14744, 22, 6.75, 0.25, '2023-06-20 19:47:33'),
(14745, 23, 7.25, 0.25, '2023-06-20 19:47:40'),
(14746, 24, 6.75, 0.25, '2023-06-20 19:47:47'),
(14747, 25, 6.75, 7.75, '2023-06-20 19:47:54'),
(14748, 26, 6.75, 0.25, '2023-06-20 19:48:01'),
(14749, 27, 5.75, 7.75, '2023-06-20 19:48:08'),
(14750, 28, 6.25, 0.25, '2023-06-20 19:48:15'),
(14751, 29, 5.25, 7.75, '2023-06-20 19:48:22'),
(14752, 30, 4.75, 7.75, '2023-06-20 19:48:29'),
(14753, 31, 4.25, 7.75, '2023-06-20 19:48:36'),
(14754, 32, 5.25, 0.25, '2023-06-20 19:48:43'),
(14755, 33, 4.25, 7.75, '2023-06-20 19:48:50'),
(14756, 34, 4.75, 0.25, '2023-06-20 19:48:57'),
(14757, 35, 4.25, 0.75, '2023-06-20 19:49:04'),
(14758, 36, 3.75, 1.25, '2023-06-20 19:49:12'),
(14759, 37, 3.25, 1.75, '2023-06-20 19:49:19'),
(14760, 38, 3.25, 1.25, '2023-06-20 19:49:26'),
(14761, 39, 2.75, 0.75, '2023-06-20 19:49:33'),
(14762, 40, 3.25, 0.75, '2023-06-20 19:49:40'),
(14763, 41, 2.75, 1.25, '2023-06-20 19:49:47'),
(14764, 42, 2.75, 1.75, '2023-06-20 19:49:54'),
(14765, 43, 2.25, 1.75, '2023-06-20 19:50:01'),
(14766, 44, 1.75, 1.25, '2023-06-20 19:50:08'),
(14767, 45, 1.25, 0.75, '2023-06-20 19:50:15'),
(14768, 46, 0.75, 0.75, '2023-06-20 19:50:22'),
(14769, 47, 0.25, 1.25, '2023-06-20 19:50:29'),
(14770, 48, 0.75, 1.75, '2023-06-20 19:50:36'),
(14771, 49, 0.25, 2.25, '2023-06-20 19:50:43'),
(14772, 50, 0.25, 2.75, '2023-06-20 19:50:50'),
(14773, 51, 0.75, 2.25, '2023-06-20 19:50:57'),
(14774, 52, 1.25, 2.25, '2023-06-20 19:51:04'),
(14775, 53, 0.75, 2.25, '2023-06-20 19:51:11'),
(14776, 54, 0.25, 1.75, '2023-06-20 19:51:18'),
(14777, 55, 0.75, 2.25, '2023-06-20 19:51:25'),
(14778, 56, 0.75, 2.75, '2023-06-20 19:51:32'),
(14779, 57, 1.25, 3.25, '2023-06-20 19:51:39'),
(14780, 58, 0.75, 3.25, '2023-06-20 19:51:46'),
(14781, 59, 0.25, 3.75, '2023-06-20 19:51:53'),
(14782, 60, 0.25, 3.25, '2023-06-20 19:52:00'),
(14783, 61, 0.75, 3.75, '2023-06-20 19:52:07'),
(14784, 62, 1.25, 3.75, '2023-06-20 19:52:14'),
(14785, 63, 0.75, 3.25, '2023-06-20 19:52:21'),
(14786, 64, 0.75, 2.75, '2023-06-20 19:52:28'),
(14787, 65, 0.25, 2.75, '2023-06-20 19:52:35'),
(14788, 66, 0.75, 3.25, '2023-06-20 19:52:43'),
(14789, 67, 1.25, 2.75, '2023-06-20 19:52:50'),
(14790, 68, 1.25, 3.25, '2023-06-20 19:52:57'),
(14791, 69, 0.75, 3.25, '2023-06-20 19:53:04'),
(14792, 70, 1.25, 3.25, '2023-06-20 19:53:11'),
(14793, 71, 1.75, 3.75, '2023-06-20 19:53:18'),
(14794, 72, 1.75, 3.25, '2023-06-20 19:53:25'),
(14795, 73, 1.75, 3.75, '2023-06-20 19:53:32'),
(14796, 74, 2.25, 4.25, '2023-06-20 19:53:39'),
(14797, 75, 2.25, 4.75, '2023-06-20 19:53:46'),
(14798, 76, 2.25, 4.25, '2023-06-20 19:53:53'),
(14799, 77, 2.75, 4.75, '2023-06-20 19:54:00'),
(14800, 78, 2.25, 4.25, '2023-06-20 19:54:07'),
(14801, 82, 1.75, 4.25, '2023-06-20 20:02:14'),
(14802, 80, 1.75, 4.25, '2023-06-20 20:02:14'),
(14803, 81, 1.75, 4.25, '2023-06-20 20:02:14'),
(14804, 79, 1.75, 4.25, '2023-06-20 20:02:14'),
(14805, 83, 1.25, 3.75, '2023-06-20 20:02:21'),
(14806, 84, 1.75, 3.75, '2023-06-20 20:02:28'),
(14807, 85, 1.75, 4.25, '2023-06-20 20:02:35'),
(14808, 86, 1.75, 3.75, '2023-06-20 20:02:42'),
(14809, 87, 1.75, 4.25, '2023-06-20 20:16:44'),
(14810, 88, 2.25, 4.25, '2023-06-20 20:16:51'),
(14811, 89, 2.75, 3.75, '2023-06-20 20:16:58'),
(14812, 90, 3.25, 4.25, '2023-06-20 20:17:05'),
(14813, 91, 3.25, 4.75, '2023-06-20 20:17:12'),
(14814, 92, 3.25, 4.25, '2023-06-20 20:17:19'),
(14815, 93, 3.75, 3.75, '2023-06-20 20:17:26'),
(14816, 94, 3.75, 4.25, '2023-06-20 20:18:33'),
(14817, 95, 3.75, 4.25, '2023-06-20 20:18:33'),
(14818, 96, 4.25, 4.25, '2023-06-20 20:18:40'),
(14819, 97, 3.75, 4.75, '2023-06-20 20:18:47'),
(14820, 98, 4.25, 5.25, '2023-06-20 20:18:55'),
(14821, 99, 4.25, 5.75, '2023-06-20 20:19:02'),
(14822, 100, 4.75, 5.75, '2023-06-20 20:19:09'),
(14823, 101, 4.75, 5.25, '2023-06-20 20:19:16'),
(14824, 102, 5.25, 5.25, '2023-06-20 20:19:23'),
(14825, 103, 4.75, 5.25, '2023-06-20 20:19:30'),
(14826, 104, 5.25, 4.75, '2023-06-20 20:19:37'),
(14827, 105, 4.75, 5.25, '2023-06-20 20:19:44'),
(14828, 106, 4.25, 5.75, '2023-06-20 20:19:51'),
(14829, 107, 4.75, 6.25, '2023-06-20 20:19:58'),
(14830, 108, 4.25, 6.75, '2023-06-20 20:20:05'),
(14831, 109, 4.75, 6.25, '2023-06-20 20:20:12'),
(14832, 110, 4.25, 6.25, '2023-06-20 20:20:19'),
(14833, 111, 4.75, 6.25, '2023-06-20 20:20:26'),
(14834, 112, 5.25, 5.75, '2023-06-20 20:20:33'),
(14835, 113, 4.75, 6.25, '2023-06-20 20:20:40'),
(14836, 114, 4.25, 6.25, '2023-06-20 20:20:47'),
(14837, 115, 4.75, 6.25, '2023-06-20 20:20:54'),
(14838, 116, 5.25, 5.75, '2023-06-20 20:21:01'),
(14839, 117, 5.75, 5.75, '2023-06-20 20:21:08'),
(14840, 118, 6.25, 5.75, '2023-06-20 20:21:15'),
(14841, 119, 6.75, 5.75, '2023-06-20 20:21:22'),
(14842, 120, 7.25, 5.25, '2023-06-20 20:21:29'),
(14843, 121, 7.25, 5.75, '2023-06-20 20:21:36'),
(14844, 122, 7.25, 6.25, '2023-06-20 20:21:43'),
(14845, 123, 6.75, 6.75, '2023-06-20 20:21:50'),
(14846, 124, 7.25, 6.75, '2023-06-20 20:21:57'),
(14847, 125, 7.75, 6.75, '2023-06-20 20:22:04'),
(14848, 126, 7.75, 7.25, '2023-06-20 20:22:11'),
(14849, 127, 7.75, 6.75, '2023-06-20 20:22:18'),
(14850, 128, 7.75, 6.25, '2023-06-20 20:22:26'),
(14851, 129, 7.25, 6.75, '2023-06-20 20:22:33'),
(14852, 130, 7.75, 6.75, '2023-06-20 20:22:40'),
(14853, 131, 7.25, 7.75, '2023-06-20 20:23:32'),
(14854, 132, 7.75, 0.25, '2023-06-20 20:23:39'),
(14855, 133, 7.25, 0.75, '2023-06-20 20:23:46'),
(14856, 134, 7.75, 0.25, '2023-06-20 20:23:53'),
(14857, 136, 7.75, 0.75, '2023-06-20 20:27:49'),
(14858, 135, 7.75, 0.75, '2023-06-20 20:27:49'),
(14859, 137, 7.25, 0.75, '2023-06-20 20:27:57'),
(14860, 138, 7.75, 1.25, '2023-06-20 20:28:04'),
(14861, 139, 7.75, 0.75, '2023-06-20 20:28:11'),
(14862, 140, 7.75, 0.25, '2023-06-20 20:28:18'),
(14863, 141, 7.25, 0.75, '2023-06-20 20:28:25'),
(14864, 142, 7.25, 0.25, '2023-06-20 20:28:32'),
(14865, 143, 6.75, 0.25, '2023-06-20 20:28:39'),
(14866, 144, 6.25, 7.75, '2023-06-20 20:28:46'),
(14867, 145, 6.25, 0.25, '2023-06-20 20:28:53'),
(14868, 146, 5.25, 7.75, '2023-06-20 20:30:05'),
(14869, 147, 5.75, 0.25, '2023-06-20 20:30:13'),
(14870, 148, 5.25, 0.75, '2023-06-20 20:30:20'),
(14871, 149, 5.75, 0.25, '2023-06-20 20:30:27'),
(14872, 150, 6.25, 0.75, '2023-06-21 09:30:27'),
(14873, 151, 6.25, 0.75, '2023-06-21 09:30:27'),
(14874, 152, 6.25, 0.75, '2023-06-21 09:30:27'),
(14875, 153, 6.25, 1.25, '2023-06-21 09:30:41'),
(14876, 154, 6.25, 1.75, '2023-06-21 09:30:48'),
(14877, 155, 6.75, 2.25, '2023-06-21 09:30:55'),
(14878, 156, 6.75, 2.75, '2023-06-21 09:31:16'),
(14879, 157, 6.25, 2.75, '2023-06-21 09:31:35'),
(14880, 158, 5.75, 3.25, '2023-06-21 09:32:12'),
(14881, 159, 5.75, 2.75, '2023-06-21 09:32:19'),
(14882, 160, 6.25, 2.25, '2023-06-21 09:32:26'),
(14883, 161, 6.25, 2.75, '2023-06-21 09:32:33'),
(14884, 162, 6.75, 2.25, '2023-06-21 09:32:40'),
(14885, 163, 7.25, 2.75, '2023-06-21 09:32:47'),
(14886, 164, 7.25, 2.25, '2023-06-21 09:32:54'),
(14887, 165, 6.75, 1.75, '2023-06-21 09:33:01'),
(14888, 166, 6.25, 1.75, '2023-06-21 09:33:08'),
(14889, 167, 6.75, 2.25, '2023-06-21 09:33:15'),
(14890, 168, 6.25, 2.75, '2023-06-21 09:33:22'),
(14891, 169, 6.25, 3.25, '2023-06-21 09:33:29'),
(14892, 170, 5.75, 2.75, '2023-06-21 09:33:36'),
(14893, 171, 5.75, 2.25, '2023-06-21 09:33:43'),
(14894, 172, 5.25, 1.75, '2023-06-21 09:33:50'),
(14895, 173, 5.75, 2.25, '2023-06-21 09:33:57'),
(14896, 174, 5.75, 2.75, '2023-06-21 09:40:37'),
(14897, 175, 5.75, 2.25, '2023-06-21 09:40:44'),
(14898, 176, 5.25, 2.25, '2023-06-21 09:40:51'),
(14899, 177, 5.25, 2.75, '2023-06-21 09:40:58'),
(14900, 178, 5.75, 3.25, '2023-06-21 09:41:05'),
(14901, 179, 5.25, 2.75, '2023-06-21 09:41:12'),
(14902, 180, 5.75, 3.25, '2023-06-21 09:41:19'),
(14903, 181, 5.25, 3.75, '2023-06-21 09:41:26'),
(14904, 182, 5.75, 4.25, '2023-06-21 09:41:33'),
(14905, 183, 6.25, 4.25, '2023-06-21 09:41:40'),
(14906, 184, 5.75, 3.75, '2023-06-21 09:41:47'),
(14907, 185, 6.25, 3.25, '2023-06-21 09:41:54'),
(14908, 186, 5.75, 3.25, '2023-06-21 09:42:01'),
(14909, 187, 5.25, 2.75, '2023-06-21 09:42:08'),
(14910, 188, 4.75, 2.25, '2023-06-21 09:42:15'),
(14911, 189, 5.25, 1.75, '2023-06-21 09:42:22'),
(14912, 190, 4.75, 1.75, '2023-06-21 09:42:29'),
(14913, 191, 5.25, 1.25, '2023-06-21 09:42:36'),
(14914, 192, 5.75, 1.75, '2023-06-21 09:42:43'),
(14915, 193, 6.25, 2.25, '2023-06-21 09:42:51'),
(14916, 194, 5.75, 2.75, '2023-06-21 09:42:58'),
(14917, 195, 5.25, 3.25, '2023-06-21 09:43:05'),
(14918, 196, 5.75, 3.75, '2023-06-21 09:43:12'),
(14919, 197, 5.25, 3.25, '2023-06-21 09:43:19'),
(14920, 198, 4.75, 3.25, '2023-06-21 09:43:53'),
(14921, 199, 4.25, 3.25, '2023-06-21 09:43:57'),
(14922, 200, 4.25, 2.75, '2023-06-21 09:44:01'),
(14923, 201, 3.75, 2.25, '2023-06-21 09:44:05'),
(14924, 202, 3.25, 2.75, '2023-06-21 09:44:09'),
(14925, 203, 3.75, 2.25, '2023-06-21 09:44:13'),
(14926, 204, 4.25, 1.75, '2023-06-21 09:44:17'),
(14927, 205, 4.25, 2.25, '2023-06-21 09:44:21'),
(14928, 206, 3.75, 1.75, '2023-06-21 09:44:25'),
(14929, 207, 3.25, 1.75, '2023-06-21 09:44:29'),
(14930, 208, 3.75, 1.75, '2023-06-21 09:44:33'),
(14931, 209, 3.75, 2.25, '2023-06-21 09:44:37'),
(14932, 210, 3.75, 1.75, '2023-06-21 09:44:41'),
(14933, 211, 3.25, 2.25, '2023-06-21 09:44:45'),
(14934, 212, 3.75, 2.75, '2023-06-21 09:44:49'),
(14935, 213, 4.25, 2.75, '2023-06-21 09:44:53'),
(14936, 214, 3.75, 2.75, '2023-06-21 09:44:57'),
(14937, 215, 3.25, 2.75, '2023-06-21 09:45:01'),
(14938, 216, 2.75, 3.25, '2023-06-21 09:45:05'),
(14939, 217, 3.25, 3.75, '2023-06-21 09:45:09'),
(14940, 218, 3.75, 3.75, '2023-06-21 09:45:13'),
(14941, 219, 3.25, 3.75, '2023-06-21 09:45:17'),
(14942, 220, 2.75, 3.25, '2023-06-21 09:45:21'),
(14943, 221, 2.75, 3.75, '2023-06-21 09:45:25'),
(14944, 222, 2.25, 3.25, '2023-06-21 09:45:30'),
(14945, 223, 2.75, 3.75, '2023-06-21 09:45:34'),
(14946, 224, 2.75, 4.25, '2023-06-21 09:45:38'),
(14947, 225, 2.75, 4.75, '2023-06-21 09:45:42'),
(14948, 226, 3.25, 4.75, '2023-06-21 09:45:46'),
(14949, 227, 3.25, 5.25, '2023-06-21 09:45:50'),
(14950, 228, 3.25, 4.75, '2023-06-21 09:45:54'),
(14951, 229, 3.75, 4.75, '2023-06-21 09:46:02'),
(14952, 230, 3.75, 5.25, '2023-06-21 09:46:06'),
(14953, 231, 4.25, 5.75, '2023-06-21 09:46:10'),
(14954, 232, 4.25, 5.25, '2023-06-21 09:46:14'),
(14955, 233, 3.75, 4.75, '2023-06-21 09:46:18'),
(14956, 234, 3.75, 4.25, '2023-06-21 09:48:45'),
(14957, 235, 3.75, 4.25, '2023-06-21 09:48:45'),
(14958, 236, 3.75, 4.25, '2023-06-21 09:48:45'),
(14959, 237, 4.25, 4.75, '2023-06-21 09:48:49'),
(14960, 238, 4.25, 5.25, '2023-06-21 09:48:53'),
(14961, 239, 4.75, 5.25, '2023-06-21 09:48:57'),
(14962, 240, 4.25, 5.75, '2023-06-21 09:49:01'),
(14963, 241, 4.75, 5.75, '2023-06-21 09:49:05'),
(14964, 242, 4.25, 6.25, '2023-06-21 09:58:49'),
(14965, 244, 4.25, 5.75, '2023-06-21 09:59:26'),
(14966, 243, 4.25, 5.75, '2023-06-21 09:59:26'),
(14967, 245, 3.75, 6.25, '2023-06-21 09:59:30'),
(14968, 246, 3.25, 6.75, '2023-06-21 09:59:34'),
(14969, 247, 3.25, 7.25, '2023-06-21 09:59:38'),
(14970, 248, 3.25, 6.75, '2023-06-21 09:59:42'),
(14971, 249, 3.25, 7.25, '2023-06-21 09:59:46'),
(14972, 250, 3.25, 6.75, '2023-06-21 09:59:50'),
(14973, 251, 3.75, 7.25, '2023-06-21 09:59:54'),
(14974, 252, 3.75, 6.75, '2023-06-21 09:59:58'),
(14975, 253, 4.25, 7.25, '2023-06-21 10:00:02'),
(14976, 254, 4.25, 6.75, '2023-06-21 10:00:06'),
(14977, 255, 3.75, 7.25, '2023-06-21 10:00:10'),
(14978, 256, 7.75, 6.75, '2023-06-21 10:01:01'),
(14979, 257, 7.25, 7.25, '2023-06-21 10:01:05'),
(14980, 258, 7.25, 6.75, '2023-06-21 10:01:09'),
(14981, 259, 7.25, 6.25, '2023-06-21 10:01:13'),
(14982, 260, 7.75, 0.25, '2023-06-21 10:03:06'),
(14983, 261, 7.75, 0.25, '2023-06-21 10:03:06'),
(14984, 262, 7.75, 0.25, '2023-06-21 10:03:06'),
(14985, 263, 7.25, 0.75, '2023-06-21 10:03:10'),
(14986, 264, 7.25, 0.25, '2023-06-21 10:03:14'),
(14987, 265, 7.75, 0.75, '2023-06-21 10:03:18'),
(14988, 266, 7.25, 1.25, '2023-06-21 10:03:22'),
(14989, 267, 7.25, 1.75, '2023-06-21 10:03:26'),
(14990, 268, 7.75, 2.25, '2023-06-21 10:03:30'),
(14991, 269, 7.75, 2.75, '2023-06-21 10:07:27'),
(14992, 270, 7.75, 2.75, '2023-06-21 10:07:27'),
(14993, 271, 7.75, 2.75, '2023-06-21 10:07:27'),
(14994, 272, 7.75, 3.25, '2023-06-21 10:07:31'),
(14995, 273, 7.75, 2.75, '2023-06-21 10:07:35'),
(14996, 274, 7.75, 3.25, '2023-06-21 10:07:39'),
(14997, 275, 7.75, 3.75, '2023-06-21 10:07:43'),
(14998, 276, 7.25, 4.25, '2023-06-21 10:07:52'),
(14999, 277, 6.75, 4.75, '2023-06-21 10:07:56'),
(15000, 279, 6.75, 5.25, '2023-06-21 10:08:07'),
(15001, 278, 6.75, 5.25, '2023-06-21 10:08:07'),
(15002, 280, 6.75, 5.75, '2023-06-21 10:08:11'),
(15003, 281, 6.25, 6.25, '2023-06-21 10:08:15'),
(15004, 282, 5.75, 6.75, '2023-06-21 10:08:19'),
(15005, 283, 5.75, 6.25, '2023-06-21 10:08:23'),
(15006, 284, 6.25, 6.75, '2023-06-21 10:08:27'),
(15007, 285, 6.25, 7.25, '2023-06-21 10:08:31'),
(15008, 286, 6.25, 6.75, '2023-06-21 10:12:31'),
(15009, 287, 6.75, 6.75, '2023-06-21 10:12:35'),
(15010, 288, 7.25, 6.75, '2023-06-21 10:12:39'),
(15011, 289, 7.75, 6.75, '2023-06-21 10:12:43'),
(15012, 290, 7.25, 6.25, '2023-06-21 10:12:47'),
(15013, 291, 7.75, 6.25, '2023-06-21 10:12:51'),
(15014, 292, 7.25, 6.25, '2023-06-21 10:12:56'),
(15015, 293, 7.75, 6.75, '2023-06-21 10:13:00'),
(15016, 294, 7.75, 6.25, '2023-06-21 10:13:04'),
(15017, 295, 7.75, 5.75, '2023-06-21 10:13:08'),
(15018, 296, 7.75, 5.25, '2023-06-21 10:13:12'),
(15019, 297, 7.25, 5.25, '2023-06-21 10:13:16'),
(15020, 298, 7.75, 4.75, '2023-06-21 10:13:20'),
(15021, 299, 7.75, 0.25, '2023-06-21 10:13:46'),
(15022, 300, 7.75, 0.25, '2023-06-21 10:13:46'),
(15023, 301, 7.25, 7.75, '2023-06-21 10:13:50'),
(15024, 302, 6.75, 7.75, '2023-06-21 10:13:54'),
(15025, 303, 6.75, 0.25, '2023-06-21 10:13:58'),
(15026, 304, 7.25, 0.75, '2023-06-21 10:14:02'),
(15027, 305, 6.75, 0.75, '2023-06-21 10:14:06'),
(15028, 306, 6.25, 0.25, '2023-06-21 10:14:10'),
(15029, 307, 5.75, 7.75, '2023-06-21 10:14:15'),
(15030, 308, 6.25, 7.75, '2023-06-21 10:14:19'),
(15031, 309, 5.75, 7.75, '2023-06-21 10:17:33'),
(15032, 310, 6.25, 0.25, '2023-06-21 10:17:37'),
(15033, 311, 5.75, 0.25, '2023-06-21 10:17:41'),
(15034, 312, 5.25, 7.75, '2023-06-21 10:17:45'),
(15035, 313, 4.75, 7.75, '2023-06-21 10:17:49'),
(15036, 314, 4.25, 7.75, '2023-06-21 10:17:53'),
(15037, 315, 0.25, 7.75, '2023-06-21 10:18:41'),
(15038, 316, 0.75, 0.25, '2023-06-21 10:18:49'),
(15039, 317, 0.75, 0.25, '2023-06-21 10:18:49'),
(15040, 318, 0.75, 0.75, '2023-06-21 10:18:53'),
(15041, 319, 0.25, 1.25, '2023-06-21 10:18:57'),
(15042, 320, 0.75, 1.25, '2023-06-21 10:19:01'),
(15043, 321, 0.25, 1.75, '2023-06-21 10:19:05'),
(15044, 322, 0.25, 2.25, '2023-06-21 10:37:25'),
(15045, 323, 0.75, 2.25, '2023-06-21 10:37:29'),
(15046, 324, 0.75, 2.75, '2023-06-21 10:37:33'),
(15047, 325, 1.25, 3.25, '2023-06-21 10:37:37'),
(15048, 326, 1.75, 3.25, '2023-06-21 10:37:41'),
(15049, 327, 1.25, 2.75, '2023-06-21 10:37:45'),
(15050, 328, 1.25, 3.25, '2023-06-21 10:37:49'),
(15051, 329, 0.25, 0.75, '2023-06-21 10:38:55'),
(15052, 330, 0.25, 0.75, '2023-06-21 10:38:55'),
(15053, 331, 0.25, 0.75, '2023-06-21 10:38:55'),
(15054, 332, 0.75, 0.75, '2023-06-21 10:38:59'),
(15055, 333, 0.75, 0.25, '2023-06-21 10:39:39'),
(15056, 334, 0.75, 0.25, '2023-06-21 10:39:39'),
(15057, 336, 0.75, 0.75, '2023-06-21 10:39:48'),
(15058, 335, 0.75, 0.75, '2023-06-21 10:39:48'),
(15059, 337, 1.25, 1.25, '2023-06-21 10:39:52'),
(15060, 338, 0.75, 1.25, '2023-06-21 10:39:56'),
(15061, 339, 0.25, 1.25, '2023-06-21 10:40:00'),
(15062, 340, 0.25, 1.75, '2023-06-21 10:40:04'),
(15063, 341, 0.25, 1.25, '2023-06-21 10:40:08'),
(15064, 342, 0.75, 1.75, '2023-06-21 10:40:12'),
(15065, 343, 1.25, 2.25, '2023-06-21 10:40:16'),
(15066, 344, 7.25, 7.75, '2023-06-21 10:40:54'),
(15067, 345, 7.75, 0.25, '2023-06-21 10:40:58'),
(15068, 346, 7.25, 0.25, '2023-06-21 10:41:02'),
(15069, 347, 7.25, 0.75, '2023-06-21 10:41:06'),
(15070, 348, 7.75, 1.25, '2023-06-21 10:41:10'),
(15071, 349, 7.25, 1.75, '2023-06-21 10:41:14'),
(15072, 350, 7.25, 7.75, '2023-06-21 10:42:33'),
(15073, 351, 7.25, 7.75, '2023-06-21 10:42:33'),
(15074, 352, 6.75, 7.75, '2023-06-21 10:42:37'),
(15075, 353, 6.25, 7.75, '2023-06-21 10:42:41'),
(15076, 354, 6.75, 7.75, '2023-06-21 10:42:45'),
(15077, 355, 7.75, 0.25, '2023-06-21 10:42:49'),
(15078, 356, 7.25, 0.25, '2023-06-21 10:42:53'),
(15079, 357, 0.25, 0.25, '2023-06-21 10:46:41'),
(15080, 358, 0.25, 0.25, '2023-06-21 10:46:41'),
(15081, 359, 0.25, 7.75, '2023-06-21 10:46:45'),
(15082, 360, 0.75, 0.25, '2023-06-21 10:46:53'),
(15083, 361, 0.75, 0.25, '2023-06-21 10:46:53'),
(15084, 362, 0.25, 0.25, '2023-06-21 10:47:01'),
(15085, 363, 0.25, 0.25, '2023-06-21 10:47:01'),
(15086, 364, 0.75, 0.75, '2023-06-21 10:52:22'),
(15087, 365, 0.75, 0.75, '2023-06-21 10:52:22'),
(15088, 366, 1.25, 0.25, '2023-06-21 10:52:26'),
(15089, 367, 0.75, 0.25, '2023-06-21 10:53:04'),
(15090, 368, 1.25, 0.25, '2023-06-21 10:53:16'),
(15091, 369, 1.25, 0.25, '2023-06-21 10:53:16'),
(15092, 370, 1.25, 0.25, '2023-06-21 10:53:16'),
(15093, 372, 0.75, 7.75, '2023-06-21 10:56:21'),
(15094, 371, 0.75, 7.75, '2023-06-21 10:56:21'),
(15095, 373, 1.75, 0.25, '2023-06-21 11:30:03'),
(15096, 374, 1.75, 0.25, '2023-06-21 11:30:03'),
(15097, 375, 1.75, 0.25, '2023-06-21 11:30:03'),
(15098, 376, 2.25, 0.75, '2023-06-21 11:30:07'),
(15099, 377, 2.75, 0.25, '2023-06-21 11:30:11'),
(15100, 378, 2.25, 0.75, '2023-06-21 11:30:15'),
(15101, 379, 1.75, 0.25, '2023-06-21 11:30:19'),
(15102, 380, 1.75, 7.75, '2023-06-21 11:30:23'),
(15103, 381, 2.25, 0.25, '2023-06-21 11:30:27'),
(15104, 382, 1.75, 0.75, '2023-06-21 11:30:31'),
(15105, 383, 1.25, 0.75, '2023-06-21 11:30:35'),
(15106, 384, 1.25, 1.25, '2023-06-21 11:30:39'),
(15107, 385, 0.75, 1.75, '2023-06-21 11:32:47'),
(15108, 386, 0.75, 1.75, '2023-06-21 11:32:47'),
(15109, 387, 1.25, 2.25, '2023-06-21 11:32:51'),
(15110, 388, 1.75, 1.75, '2023-06-21 11:32:55'),
(15111, 389, 1.75, 1.25, '2023-06-21 11:32:59'),
(15112, 390, 2.25, 0.75, '2023-06-21 11:33:03'),
(15113, 391, 2.75, 0.25, '2023-06-21 11:33:07'),
(15114, 392, 1.75, 7.75, '2023-06-21 11:33:11'),
(15115, 393, 2.25, 0.25, '2023-06-21 11:33:15'),
(15116, 394, 1.25, 7.75, '2023-06-21 11:36:21'),
(15117, 395, 1.25, 7.75, '2023-06-21 11:36:21'),
(15118, 396, 1.25, 0.25, '2023-06-21 11:36:25'),
(15119, 397, 0.75, 0.75, '2023-06-21 11:36:29'),
(15120, 398, 1.25, 0.25, '2023-06-21 11:36:33');

-- --------------------------------------------------------

--
-- Structure de la table `coord_points_reel`
--

CREATE TABLE `coord_points_reel` (
  `ID` int(11) NOT NULL,
  `time` datetime NOT NULL DEFAULT current_timestamp(),
  `x` float NOT NULL,
  `y` float NOT NULL
) ENGINE=InnoDB DEFAULT CHARSET=utf8mb4 COLLATE=utf8mb4_general_ci;

--
-- Déchargement des données de la table `coord_points_reel`
--

INSERT INTO `coord_points_reel` (`ID`, `time`, `x`, `y`) VALUES
(1, '0000-00-00 00:00:00', 3.25, 5.25),
(2, '2023-06-20 18:02:29', 3.75, 7.25),
(3, '2023-06-20 18:19:28', 0.75, 6.75),
(4, '2023-06-20 18:20:08', 0.75, 7.25),
(5, '2023-06-20 18:20:15', 0.25, 6.75),
(6, '2023-06-20 18:20:22', 0.75, 7.25),
(7, '2023-06-20 18:20:29', 0.75, 6.75),
(8, '2023-06-20 18:20:36', 0.75, 6.75),
(9, '2023-06-20 18:20:43', 0.75, 7.25),
(10, '2023-06-20 18:20:50', 0.25, 6.75),
(11, '2023-06-20 18:20:57', 0.25, 6.75),
(12, '2023-06-20 18:21:04', 0.75, 6.75),
(13, '2023-06-20 18:30:56', 6.75, 0.75),
(14, '2023-06-20 18:31:03', 6.75, 0.25),
(15, '2023-06-20 18:31:10', 6.75, 0.75),
(16, '2023-06-20 19:25:37', 6.75, 0.25),
(17, '2023-06-20 19:45:55', 6.75, 7.75),
(18, '2023-06-20 19:47:05', 7.25, 0.25),
(19, '2023-06-20 19:47:12', 7.75, 0.75),
(20, '2023-06-20 19:47:19', 7.75, 1.25),
(21, '2023-06-20 19:47:26', 7.25, 0.75),
(22, '2023-06-20 19:47:33', 6.75, 0.25),
(23, '2023-06-20 19:47:40', 7.25, 0.25),
(24, '2023-06-20 19:47:47', 6.75, 0.25),
(25, '2023-06-20 19:47:54', 6.75, 7.75),
(26, '2023-06-20 19:48:01', 6.75, 0.25),
(27, '2023-06-20 19:48:08', 5.75, 7.75),
(28, '2023-06-20 19:48:15', 6.25, 0.25),
(29, '2023-06-20 19:48:22', 5.25, 7.75),
(30, '2023-06-20 19:48:29', 4.75, 7.75),
(31, '2023-06-20 19:48:36', 4.25, 7.75),
(32, '2023-06-20 19:48:43', 5.25, 0.25),
(33, '2023-06-20 19:48:50', 4.25, 7.75),
(34, '2023-06-20 19:48:57', 4.75, 0.25),
(35, '2023-06-20 19:49:04', 4.25, 0.75),
(36, '2023-06-20 19:49:12', 3.75, 1.25),
(37, '2023-06-20 19:49:19', 3.25, 1.75),
(38, '2023-06-20 19:49:26', 3.25, 1.25),
(39, '2023-06-20 19:49:33', 2.75, 0.75),
(40, '2023-06-20 19:49:40', 3.25, 0.75),
(41, '2023-06-20 19:49:47', 2.75, 1.25),
(42, '2023-06-20 19:49:54', 2.75, 1.75),
(43, '2023-06-20 19:50:01', 2.25, 1.75),
(44, '2023-06-20 19:50:08', 1.75, 1.25),
(45, '2023-06-20 19:50:15', 1.25, 0.75),
(46, '2023-06-20 19:50:22', 0.75, 0.75),
(47, '2023-06-20 19:50:29', 0.25, 1.25),
(48, '2023-06-20 19:50:36', 0.75, 1.75),
(49, '2023-06-20 19:50:43', 0.25, 2.25),
(50, '2023-06-20 19:50:50', 0.25, 2.75),
(51, '2023-06-20 19:50:57', 0.75, 2.25),
(52, '2023-06-20 19:51:04', 1.25, 2.25),
(53, '2023-06-20 19:51:11', 0.75, 2.25),
(54, '2023-06-20 19:51:18', 0.25, 1.75),
(55, '2023-06-20 19:51:25', 0.75, 2.25),
(56, '2023-06-20 19:51:32', 0.75, 2.75),
(57, '2023-06-20 19:51:39', 1.25, 3.25),
(58, '2023-06-20 19:51:46', 0.75, 3.25),
(59, '2023-06-20 19:51:53', 0.25, 3.75),
(60, '2023-06-20 19:52:00', 0.25, 3.25),
(61, '2023-06-20 19:52:07', 0.75, 3.75),
(62, '2023-06-20 19:52:14', 1.25, 3.75),
(63, '2023-06-20 19:52:21', 0.75, 3.25),
(64, '2023-06-20 19:52:28', 0.75, 2.75),
(65, '2023-06-20 19:52:35', 0.25, 2.75),
(66, '2023-06-20 19:52:43', 0.75, 3.25),
(67, '2023-06-20 19:52:50', 1.25, 2.75),
(68, '2023-06-20 19:52:57', 1.25, 3.25),
(69, '2023-06-20 19:53:04', 0.75, 3.25),
(70, '2023-06-20 19:53:11', 1.25, 3.25),
(71, '2023-06-20 19:53:18', 1.75, 3.75),
(72, '2023-06-20 19:53:25', 1.75, 3.25),
(73, '2023-06-20 19:53:32', 1.75, 3.75),
(74, '2023-06-20 19:53:39', 2.25, 4.25),
(75, '2023-06-20 19:53:46', 2.25, 4.75),
(76, '2023-06-20 19:53:53', 2.25, 4.25),
(77, '2023-06-20 19:54:00', 2.75, 4.75),
(78, '2023-06-20 19:54:07', 2.25, 4.25),
(79, '2023-06-20 20:02:14', 1.75, 4.25),
(80, '2023-06-20 20:02:14', 1.75, 4.25),
(81, '2023-06-20 20:02:14', 1.75, 4.25),
(82, '2023-06-20 20:02:14', 1.75, 4.25),
(83, '2023-06-20 20:02:21', 1.25, 3.75),
(84, '2023-06-20 20:02:28', 1.75, 3.75),
(85, '2023-06-20 20:02:35', 1.75, 4.25),
(86, '2023-06-20 20:02:42', 1.75, 3.75),
(87, '2023-06-20 20:16:44', 1.75, 4.25),
(88, '2023-06-20 20:16:51', 2.25, 4.25),
(89, '2023-06-20 20:16:58', 2.75, 3.75),
(90, '2023-06-20 20:17:05', 3.25, 4.25),
(91, '2023-06-20 20:17:12', 3.25, 4.75),
(92, '2023-06-20 20:17:19', 3.25, 4.25),
(93, '2023-06-20 20:17:26', 3.75, 3.75),
(94, '2023-06-20 20:18:33', 3.75, 4.25),
(95, '2023-06-20 20:18:33', 3.75, 4.25),
(96, '2023-06-20 20:18:40', 4.25, 4.25),
(97, '2023-06-20 20:18:47', 3.75, 4.75),
(98, '2023-06-20 20:18:54', 4.25, 5.25),
(99, '2023-06-20 20:19:02', 4.25, 5.75),
(100, '2023-06-20 20:19:09', 4.75, 5.75),
(101, '2023-06-20 20:19:16', 4.75, 5.25),
(102, '2023-06-20 20:19:23', 5.25, 5.25),
(103, '2023-06-20 20:19:30', 4.75, 5.25),
(104, '2023-06-20 20:19:37', 5.25, 4.75),
(105, '2023-06-20 20:19:44', 4.75, 5.25),
(106, '2023-06-20 20:19:51', 4.25, 5.75),
(107, '2023-06-20 20:19:58', 4.75, 6.25),
(108, '2023-06-20 20:20:05', 4.25, 6.75),
(109, '2023-06-20 20:20:12', 4.75, 6.25),
(110, '2023-06-20 20:20:19', 4.25, 6.25),
(111, '2023-06-20 20:20:26', 4.75, 6.25),
(112, '2023-06-20 20:20:33', 5.25, 5.75),
(113, '2023-06-20 20:20:40', 4.75, 6.25),
(114, '2023-06-20 20:20:47', 4.25, 6.25),
(115, '2023-06-20 20:20:54', 4.75, 6.25),
(116, '2023-06-20 20:21:01', 5.25, 5.75),
(117, '2023-06-20 20:21:08', 5.75, 5.75),
(118, '2023-06-20 20:21:15', 6.25, 5.75),
(119, '2023-06-20 20:21:22', 6.75, 5.75),
(120, '2023-06-20 20:21:29', 7.25, 5.25),
(121, '2023-06-20 20:21:36', 7.25, 5.75),
(122, '2023-06-20 20:21:43', 7.25, 6.25),
(123, '2023-06-20 20:21:50', 6.75, 6.75),
(124, '2023-06-20 20:21:57', 7.25, 6.75),
(125, '2023-06-20 20:22:04', 7.75, 6.75),
(126, '2023-06-20 20:22:11', 7.75, 7.25),
(127, '2023-06-20 20:22:18', 7.75, 6.75),
(128, '2023-06-20 20:22:25', 7.75, 6.25),
(129, '2023-06-20 20:22:33', 7.25, 6.75),
(130, '2023-06-20 20:22:40', 7.75, 7.75),
(131, '2023-06-20 20:23:32', 7.25, 7.75),
(132, '2023-06-20 20:23:39', 7.75, 0.25),
(133, '2023-06-20 20:23:46', 7.25, 0.75),
(134, '2023-06-20 20:23:53', 7.75, 0.25),
(135, '2023-06-20 20:27:49', 7.75, 0.75),
(136, '2023-06-20 20:27:49', 7.75, 0.75),
(137, '2023-06-20 20:27:57', 7.25, 0.75),
(138, '2023-06-20 20:28:04', 7.75, 1.25),
(139, '2023-06-20 20:28:11', 7.75, 0.75),
(140, '2023-06-20 20:28:18', 7.75, 0.25),
(141, '2023-06-20 20:28:25', 7.25, 0.75),
(142, '2023-06-20 20:28:32', 7.25, 0.25),
(143, '2023-06-20 20:28:39', 6.75, 0.25),
(144, '2023-06-20 20:28:46', 6.25, 7.75),
(145, '2023-06-20 20:28:53', 6.25, 0.25),
(146, '2023-06-20 20:30:05', 5.25, 7.75),
(147, '2023-06-20 20:30:13', 5.75, 0.25),
(148, '2023-06-20 20:30:20', 5.25, 0.75),
(149, '2023-06-20 20:30:27', 5.75, 0.25),
(150, '2023-06-21 09:30:27', 6.25, 0.75),
(151, '2023-06-21 09:30:27', 6.25, 0.75),
(152, '2023-06-21 09:30:27', 6.25, 0.75),
(153, '2023-06-21 09:30:41', 6.25, 1.25),
(154, '2023-06-21 09:30:48', 6.25, 1.75),
(155, '2023-06-21 09:30:55', 6.75, 2.25),
(156, '2023-06-21 09:31:16', 6.75, 2.75),
(157, '2023-06-21 09:31:35', 6.25, 2.75),
(158, '2023-06-21 09:32:12', 5.75, 3.25),
(159, '2023-06-21 09:32:19', 5.75, 2.75),
(160, '2023-06-21 09:32:26', 6.25, 2.25),
(161, '2023-06-21 09:32:33', 6.25, 2.75),
(162, '2023-06-21 09:32:40', 6.75, 2.25),
(163, '2023-06-21 09:32:47', 7.25, 2.75),
(164, '2023-06-21 09:32:54', 7.25, 2.25),
(165, '2023-06-21 09:33:01', 6.75, 1.75),
(166, '2023-06-21 09:33:08', 6.25, 1.75),
(167, '2023-06-21 09:33:15', 6.75, 2.25),
(168, '2023-06-21 09:33:22', 6.25, 2.75),
(169, '2023-06-21 09:33:29', 6.25, 3.25),
(170, '2023-06-21 09:33:36', 5.75, 2.75),
(171, '2023-06-21 09:33:43', 5.75, 2.25),
(172, '2023-06-21 09:33:50', 5.25, 1.75),
(173, '2023-06-21 09:33:57', 5.75, 2.25),
(174, '2023-06-21 09:40:37', 5.75, 2.75),
(175, '2023-06-21 09:40:44', 5.75, 2.25),
(176, '2023-06-21 09:40:51', 5.25, 2.25),
(177, '2023-06-21 09:40:58', 5.25, 2.75),
(178, '2023-06-21 09:41:05', 5.75, 3.25),
(179, '2023-06-21 09:41:12', 5.25, 2.75),
(180, '2023-06-21 09:41:19', 5.75, 3.25),
(181, '2023-06-21 09:41:26', 5.25, 3.75),
(182, '2023-06-21 09:41:33', 5.75, 4.25),
(183, '2023-06-21 09:41:40', 6.25, 4.25),
(184, '2023-06-21 09:41:47', 5.75, 3.75),
(185, '2023-06-21 09:41:54', 6.25, 3.25),
(186, '2023-06-21 09:42:01', 5.75, 3.25),
(187, '2023-06-21 09:42:08', 5.25, 2.75),
(188, '2023-06-21 09:42:15', 4.75, 2.25),
(189, '2023-06-21 09:42:22', 5.25, 1.75),
(190, '2023-06-21 09:42:29', 4.75, 1.75),
(191, '2023-06-21 09:42:36', 5.25, 1.25),
(192, '2023-06-21 09:42:43', 5.75, 1.75),
(193, '2023-06-21 09:42:50', 6.25, 2.25),
(194, '2023-06-21 09:42:58', 5.75, 2.75),
(195, '2023-06-21 09:43:05', 5.25, 3.25),
(196, '2023-06-21 09:43:12', 5.75, 3.75),
(197, '2023-06-21 09:43:19', 5.25, 3.25),
(198, '2023-06-21 09:43:53', 4.75, 3.25),
(199, '2023-06-21 09:43:57', 4.25, 3.25),
(200, '2023-06-21 09:44:01', 4.25, 2.75),
(201, '2023-06-21 09:44:05', 3.75, 2.25),
(202, '2023-06-21 09:44:09', 3.25, 2.75),
(203, '2023-06-21 09:44:13', 3.75, 2.25),
(204, '2023-06-21 09:44:17', 4.25, 1.75),
(205, '2023-06-21 09:44:21', 4.25, 2.25),
(206, '2023-06-21 09:44:25', 3.75, 1.75),
(207, '2023-06-21 09:44:29', 3.25, 1.75),
(208, '2023-06-21 09:44:33', 3.75, 1.75),
(209, '2023-06-21 09:44:37', 3.75, 2.25),
(210, '2023-06-21 09:44:41', 3.75, 1.75),
(211, '2023-06-21 09:44:45', 3.25, 2.25),
(212, '2023-06-21 09:44:49', 3.75, 2.75),
(213, '2023-06-21 09:44:53', 4.25, 2.75),
(214, '2023-06-21 09:44:57', 3.75, 2.75),
(215, '2023-06-21 09:45:01', 3.25, 2.75),
(216, '2023-06-21 09:45:05', 2.75, 3.25),
(217, '2023-06-21 09:45:09', 3.25, 3.75),
(218, '2023-06-21 09:45:13', 3.75, 3.75),
(219, '2023-06-21 09:45:17', 3.25, 3.75),
(220, '2023-06-21 09:45:21', 2.75, 3.25),
(221, '2023-06-21 09:45:25', 2.75, 3.75),
(222, '2023-06-21 09:45:30', 2.25, 3.25),
(223, '2023-06-21 09:45:34', 2.75, 3.75),
(224, '2023-06-21 09:45:38', 2.75, 4.25),
(225, '2023-06-21 09:45:42', 2.75, 4.75),
(226, '2023-06-21 09:45:46', 3.25, 4.75),
(227, '2023-06-21 09:45:50', 3.25, 5.25),
(228, '2023-06-21 09:45:54', 3.25, 4.75),
(229, '2023-06-21 09:46:02', 3.75, 4.75),
(230, '2023-06-21 09:46:06', 3.75, 5.25),
(231, '2023-06-21 09:46:10', 4.25, 5.75),
(232, '2023-06-21 09:46:14', 4.25, 5.25),
(233, '2023-06-21 09:46:18', 3.75, 4.75),
(234, '2023-06-21 09:48:45', 3.75, 4.25),
(235, '2023-06-21 09:48:45', 3.75, 4.25),
(236, '2023-06-21 09:48:45', 3.75, 4.25),
(237, '2023-06-21 09:48:49', 4.25, 4.75),
(238, '2023-06-21 09:48:53', 4.25, 5.25),
(239, '2023-06-21 09:48:57', 4.75, 5.25),
(240, '2023-06-21 09:49:01', 4.25, 5.75),
(241, '2023-06-21 09:49:05', 4.75, 5.75),
(242, '2023-06-21 09:58:49', 4.25, 6.25),
(243, '2023-06-21 09:59:26', 4.25, 5.75),
(244, '2023-06-21 09:59:26', 4.25, 5.75),
(245, '2023-06-21 09:59:30', 3.75, 6.25),
(246, '2023-06-21 09:59:34', 3.25, 6.75),
(247, '2023-06-21 09:59:38', 3.25, 7.25),
(248, '2023-06-21 09:59:42', 3.25, 6.75),
(249, '2023-06-21 09:59:46', 3.25, 7.25),
(250, '2023-06-21 09:59:50', 3.25, 6.75),
(251, '2023-06-21 09:59:54', 3.75, 7.25),
(252, '2023-06-21 09:59:58', 3.75, 6.75),
(253, '2023-06-21 10:00:02', 4.25, 7.25),
(254, '2023-06-21 10:00:06', 4.25, 6.75),
(255, '2023-06-21 10:00:10', 7.75, 7.25),
(256, '2023-06-21 10:01:01', 7.75, 6.75),
(257, '2023-06-21 10:01:05', 7.25, 7.25),
(258, '2023-06-21 10:01:09', 7.25, 7.75),
(259, '2023-06-21 10:01:13', 7.75, 7.75),
(260, '2023-06-21 10:03:06', 7.75, 0.25),
(261, '2023-06-21 10:03:06', 7.75, 0.25),
(262, '2023-06-21 10:03:06', 7.75, 0.25),
(263, '2023-06-21 10:03:10', 7.25, 0.75),
(264, '2023-06-21 10:03:14', 7.25, 0.25),
(265, '2023-06-21 10:03:18', 7.75, 0.75),
(266, '2023-06-21 10:03:22', 7.25, 1.25),
(267, '2023-06-21 10:03:26', 7.25, 1.75),
(268, '2023-06-21 10:03:30', 7.75, 2.25),
(269, '2023-06-21 10:07:27', 7.75, 2.75),
(270, '2023-06-21 10:07:27', 7.75, 2.75),
(271, '2023-06-21 10:07:27', 7.75, 2.75),
(272, '2023-06-21 10:07:31', 7.75, 3.25),
(273, '2023-06-21 10:07:35', 7.75, 2.75),
(274, '2023-06-21 10:07:39', 7.75, 3.25),
(275, '2023-06-21 10:07:43', 7.75, 3.75),
(276, '2023-06-21 10:07:52', 7.25, 4.25),
(277, '2023-06-21 10:07:56', 6.75, 4.75),
(278, '2023-06-21 10:08:07', 6.75, 5.25),
(279, '2023-06-21 10:08:07', 6.75, 5.25),
(280, '2023-06-21 10:08:11', 6.75, 5.75),
(281, '2023-06-21 10:08:15', 6.25, 6.25),
(282, '2023-06-21 10:08:19', 5.75, 6.75),
(283, '2023-06-21 10:08:23', 5.75, 6.25),
(284, '2023-06-21 10:08:27', 6.25, 6.75),
(285, '2023-06-21 10:08:31', 6.25, 7.25),
(286, '2023-06-21 10:12:31', 6.25, 6.75),
(287, '2023-06-21 10:12:35', 6.75, 6.75),
(288, '2023-06-21 10:12:39', 7.25, 6.75),
(289, '2023-06-21 10:12:43', 7.75, 6.75),
(290, '2023-06-21 10:12:47', 7.25, 6.25),
(291, '2023-06-21 10:12:51', 7.75, 6.25),
(292, '2023-06-21 10:12:56', 7.25, 6.25),
(293, '2023-06-21 10:13:00', 7.75, 6.75),
(294, '2023-06-21 10:13:04', 7.75, 6.25),
(295, '2023-06-21 10:13:08', 7.75, 5.75),
(296, '2023-06-21 10:13:12', 7.75, 5.25),
(297, '2023-06-21 10:13:16', 7.25, 5.25),
(298, '2023-06-21 10:13:20', 0.75, 7.75),
(299, '2023-06-21 10:13:46', 7.75, 0.25),
(300, '2023-06-21 10:13:46', 7.75, 0.25),
(301, '2023-06-21 10:13:50', 7.25, 7.75),
(302, '2023-06-21 10:13:54', 6.75, 7.75),
(303, '2023-06-21 10:13:58', 6.75, 0.25),
(304, '2023-06-21 10:14:02', 7.25, 0.75),
(305, '2023-06-21 10:14:06', 6.75, 0.75),
(306, '2023-06-21 10:14:10', 6.25, 0.25),
(307, '2023-06-21 10:14:15', 5.75, 7.75),
(308, '2023-06-21 10:14:19', 6.25, 7.75),
(309, '2023-06-21 10:17:33', 5.75, 7.75),
(310, '2023-06-21 10:17:37', 6.25, 0.25),
(311, '2023-06-21 10:17:41', 5.75, 0.25),
(312, '2023-06-21 10:17:45', 5.25, 7.75),
(313, '2023-06-21 10:17:49', 4.75, 7.75),
(314, '2023-06-21 10:17:53', 0.75, 7.75),
(315, '2023-06-21 10:18:41', 0.25, 7.75),
(316, '2023-06-21 10:18:49', 0.75, 0.25),
(317, '2023-06-21 10:18:49', 0.75, 0.25),
(318, '2023-06-21 10:18:53', 0.75, 0.75),
(319, '2023-06-21 10:18:57', 0.25, 1.25),
(320, '2023-06-21 10:19:01', 0.75, 1.25),
(321, '2023-06-21 10:19:05', 0.25, 1.75),
(322, '2023-06-21 10:37:25', 0.25, 2.25),
(323, '2023-06-21 10:37:29', 0.75, 2.25),
(324, '2023-06-21 10:37:33', 0.75, 2.75),
(325, '2023-06-21 10:37:37', 1.25, 3.25),
(326, '2023-06-21 10:37:41', 1.75, 3.25),
(327, '2023-06-21 10:37:45', 1.25, 2.75),
(328, '2023-06-21 10:37:49', 0.25, 0.25),
(329, '2023-06-21 10:38:55', 0.25, 0.75),
(330, '2023-06-21 10:38:55', 0.25, 0.75),
(331, '2023-06-21 10:38:55', 0.25, 0.75),
(332, '2023-06-21 10:38:59', 0.75, 0.75),
(333, '2023-06-21 10:39:39', 0.75, 0.25),
(334, '2023-06-21 10:39:39', 0.75, 0.25),
(335, '2023-06-21 10:39:48', 0.75, 0.75),
(336, '2023-06-21 10:39:48', 0.75, 0.75),
(337, '2023-06-21 10:39:52', 1.25, 1.25),
(338, '2023-06-21 10:39:56', 0.75, 1.25),
(339, '2023-06-21 10:40:00', 0.25, 1.25),
(340, '2023-06-21 10:40:04', 0.25, 1.75),
(341, '2023-06-21 10:40:08', 0.25, 1.25),
(342, '2023-06-21 10:40:12', 0.75, 1.75),
(343, '2023-06-21 10:40:16', 7.75, 7.75),
(344, '2023-06-21 10:40:54', 7.25, 7.75),
(345, '2023-06-21 10:40:58', 7.75, 0.25),
(346, '2023-06-21 10:41:02', 7.25, 0.25),
(347, '2023-06-21 10:41:06', 7.25, 0.75),
(348, '2023-06-21 10:41:10', 7.75, 1.25),
(349, '2023-06-21 10:41:14', 7.75, 0.25),
(350, '2023-06-21 10:42:33', 7.25, 7.75),
(351, '2023-06-21 10:42:33', 7.25, 7.75),
(352, '2023-06-21 10:42:37', 6.75, 7.75),
(353, '2023-06-21 10:42:41', 6.25, 7.75),
(354, '2023-06-21 10:42:45', 6.75, 7.75),
(355, '2023-06-21 10:42:49', 7.75, 0.25),
(356, '2023-06-21 10:42:53', 0.25, 7.75),
(357, '2023-06-21 10:46:41', 0.25, 0.25),
(358, '2023-06-21 10:46:41', 0.25, 0.25),
(359, '2023-06-21 10:46:45', 0.25, 7.75),
(360, '2023-06-21 10:46:53', 0.75, 0.25),
(361, '2023-06-21 10:46:53', 0.75, 0.25),
(362, '2023-06-21 10:47:01', 0.25, 0.25),
(363, '2023-06-21 10:47:01', 0.25, 0.25),
(364, '2023-06-21 10:52:22', 0.75, 0.75),
(365, '2023-06-21 10:52:22', 0.75, 0.75),
(366, '2023-06-21 10:52:26', 1.25, 0.25),
(367, '2023-06-21 10:53:04', 0.75, 0.25),
(368, '2023-06-21 10:53:16', 1.25, 0.25),
(369, '2023-06-21 10:53:16', 1.25, 0.25),
(370, '2023-06-21 10:53:16', 1.25, 0.25),
(371, '2023-06-21 10:56:21', 0.75, 7.75),
(372, '2023-06-21 10:56:21', 0.75, 7.75),
(373, '2023-06-21 11:30:03', 1.75, 0.25),
(374, '2023-06-21 11:30:03', 1.75, 0.25),
(375, '2023-06-21 11:30:03', 1.75, 0.25),
(376, '2023-06-21 11:30:07', 2.25, 0.75),
(377, '2023-06-21 11:30:11', 2.75, 0.25),
(378, '2023-06-21 11:30:15', 2.25, 0.75),
(379, '2023-06-21 11:30:19', 1.75, 0.25),
(380, '2023-06-21 11:30:23', 1.75, 7.75),
(381, '2023-06-21 11:30:27', 2.25, 0.25),
(382, '2023-06-21 11:30:31', 1.75, 0.75),
(383, '2023-06-21 11:30:35', 1.25, 0.75),
(384, '2023-06-21 11:30:39', 1.25, 1.25),
(385, '2023-06-21 11:32:47', 0.75, 1.75),
(386, '2023-06-21 11:32:47', 0.75, 1.75),
(387, '2023-06-21 11:32:51', 1.25, 2.25),
(388, '2023-06-21 11:32:55', 1.75, 1.75),
(389, '2023-06-21 11:32:59', 1.75, 1.25),
(390, '2023-06-21 11:33:03', 2.25, 0.75),
(391, '2023-06-21 11:33:07', 2.75, 0.25),
(392, '2023-06-21 11:33:11', 1.75, 7.75),
(393, '2023-06-21 11:33:15', 2.25, 0.25),
(394, '2023-06-21 11:36:21', 1.25, 7.75),
(395, '2023-06-21 11:36:21', 1.25, 7.75),
(396, '2023-06-21 11:36:25', 1.25, 0.25),
(397, '2023-06-21 11:36:29', 0.75, 0.75),
(398, '2023-06-21 11:36:33', 1.25, 0.25);

-- --------------------------------------------------------

--
-- Structure de la table `degradation`
--

CREATE TABLE `degradation` (
  `id` int(11) NOT NULL,
  `nb_bit` int(11) NOT NULL,
  `nb_micro` int(11) NOT NULL
) ENGINE=InnoDB DEFAULT CHARSET=utf8mb4 COLLATE=utf8mb4_general_ci;

--
-- Déchargement des données de la table `degradation`
--

INSERT INTO `degradation` (`id`, `nb_bit`, `nb_micro`) VALUES
(1, 0, 3),
(2, 1, 1),
(3, 2, 3);

--
-- Index pour les tables déchargées
--

--
-- Index pour la table `coord_cases`
--
ALTER TABLE `coord_cases`
  ADD PRIMARY KEY (`ID`),
  ADD UNIQUE KEY `num_case` (`num_case`);

--
-- Index pour la table `coord_points`
--
ALTER TABLE `coord_points`
  ADD PRIMARY KEY (`ID`),
  ADD KEY `ID_mesure` (`ID_mesure`);

--
-- Index pour la table `coord_points_reel`
--
ALTER TABLE `coord_points_reel`
  ADD PRIMARY KEY (`ID`);

--
-- Index pour la table `degradation`
--
ALTER TABLE `degradation`
  ADD PRIMARY KEY (`id`);

--
-- AUTO_INCREMENT pour les tables déchargées
--

--
-- AUTO_INCREMENT pour la table `coord_cases`
--
ALTER TABLE `coord_cases`
  MODIFY `ID` int(11) NOT NULL AUTO_INCREMENT, AUTO_INCREMENT=517;

--
-- AUTO_INCREMENT pour la table `coord_points`
--
ALTER TABLE `coord_points`
  MODIFY `ID` int(11) NOT NULL AUTO_INCREMENT, AUTO_INCREMENT=15121;

--
-- AUTO_INCREMENT pour la table `coord_points_reel`
--
ALTER TABLE `coord_points_reel`
  MODIFY `ID` int(11) NOT NULL AUTO_INCREMENT, AUTO_INCREMENT=399;

--
-- AUTO_INCREMENT pour la table `degradation`
--
ALTER TABLE `degradation`
  MODIFY `id` int(11) NOT NULL AUTO_INCREMENT, AUTO_INCREMENT=4;

--
-- Contraintes pour les tables déchargées
--

--
-- Contraintes pour la table `coord_points`
--
ALTER TABLE `coord_points`
  ADD CONSTRAINT `coord_points_ibfk_1` FOREIGN KEY (`ID_mesure`) REFERENCES `coord_points_reel` (`ID`);
COMMIT;

/*!40101 SET CHARACTER_SET_CLIENT=@OLD_CHARACTER_SET_CLIENT */;
/*!40101 SET CHARACTER_SET_RESULTS=@OLD_CHARACTER_SET_RESULTS */;
/*!40101 SET COLLATION_CONNECTION=@OLD_COLLATION_CONNECTION */;
